formula,space_group
Mn1Al1,123
K8Zr4Si8O28,14
Li4P4H8O16,33
V2Pt6,139
Re8Bi24O64,198
Li2Sm4Ir2O12,14
Dy4P4O16,141
Al24Co12O48,156
Sn2Te4Pd12,107
Ba3Ta2Ni1O9,164
Li12V6P16O58,1
Pm8Ni4Ir4,225
Pr4Zn2Pt2O12,14
Be136Ru24,204
Cs4Cl4,225
K16Ni24S32,70
Na3W27O81,148
Sm4V4O16,141
La4Si4Ir4,198
Ce4Cu20Sn4,62
Na80Fe16P32O128F32,61
Ca9Ni21B6,166
Cs12In4F24,225
Y8Si10Ir18,194
Tm44Sn40,139
V10S8,87
Zr36O9,148
V2Cl10,2
Eu2Cu4Sb4,129
K20Ag8As12Se36,62
Gd2Si4Os4,139
Mn2Ga2Cu4Se8,82
Sc2Mn12P7,174
Sr8Cl16O48,43
Cu12P32S24Cl12,62
La4Si8Ni36,141
Eu2Al16Cu8,139
Li4Zr8P12O48,14
Ho1H1Se1,187
Sm6Ni20As13,174
La2Al6Au2,107
Er4Cd4Rh8,225
Eu8Mg4Tl4,225
Al6H72Cl18O36,167
Rb8Tl4Ag4Cl24,225
Sm3Zn3Pd3,189
Mg6Si4H8O18,185
Ba4Ca4Ga4F28,13
U4Sb2N4,139
Yb2P10,11
